title,image
Wheelman,https://occ-0-116-114.1.nflxso.net/art/74f82/4760f73d8739e94ced240b1f6115ee4bb4674f82.jpg
Beasts of No Nation,https://occ-0-1001-999.1.nflxso.net/art/71570/7fb7da1d1a75eb96f057301beb32771ac2571570.jpg
The Ridiculous 6,https://occ-0-1068-92.1.nflxso.net/dnm/api/v6/X194eJsgWBDE2aQbaNdmCXGUP-Y/AAAABaa6SkHccvkYK2hAerV0KADHPIEaogyDtecmle3Do2oDayImKCyYlE5cig_wjXrbzpTeoLlmBa7JnHq_YFb8SZ-aRoRhEL5c49i1sa8nqn6fOCRjXe5_Ep45sjrrkw.jpg?r=403
"Crouching Tiger, Hidden Dragon: Sword of Destiny",https://occ-0-300-299.1.nflxso.net/art/fa95f/3f61e49137f9e97c7dbeae50a5b47e829ccfa95f.jpg
Pee-wee's Big Holiday,https://peewee.com/wp-content/uploads/PWBH-2nd-poster.jpg
Special Correspondents,https://www.telerama.fr/sites/tr_master/files/assets/images/specialcorrespondents.jpg
The Do-Over,https://media1.woopic.com/api/v1/images/174%2Fcinemovies%2F5f1%2Ffe5%2F74755cdd239299b77c5991740e%2Fmovies-238313-21294570.jpg?format=822x700&quality=85
The Fundamentals of Caring,https://lh3.googleusercontent.com/proxy/MSUtBT8tv4JmeFyP_D43XXGgpZl_uvk1JE3Iu-hWt-kodEIv4Adl5kD8JiYPPaXo5642kQf62xFnkzXN7nCPJfWuXg_1B4wsmOmEl_9jDNClGqDOZGNY7lQinxu1xgXJdECYj_dro3uYJXKr8A
Brahman Naman,https://media.senscritique.com/media/000016132077/source_big/Brahman_Naman.jpg
Rebirth,https://occ-0-1722-92.1.nflxso.net/dnm/api/v6/X194eJsgWBDE2aQbaNdmCXGUP-Y/AAAABdYm6I4E6qMcA-R5fOUlgYNd3iTPmEzUXRJzQpxpVfbK890noFNBurwJtER5WVKDqNgqzf6n5b857ieBHliitAQfTEAg9Mx_1xSiNbqt5BN7_UTAPVyZEb53DW3xoA.jpg?r=bb9
Tallulah,https://antredeluciole.fr/wp-content/uploads/80093198.jpg
XOXO,https://fr.web.img3.acsta.net/c_310_420/pictures/16/08/05/12/33/246572.jpg
ARQ,https://fr.web.img4.acsta.net/pictures/16/09/02/12/29/579577.jpg
The Siege of Jadotville,https://fr.web.img6.acsta.net/pictures/20/04/29/07/02/1974216.jpg
Mascots,https://fr.web.img6.acsta.net/pictures/16/09/30/12/25/153487.jpg
I Am the Pretty Thing That Lives in the House,https://www.ecranlarge.com/uploads/image/000/977/i-am-the-pretty-thing-that-lives-in-the-house-affiche-977080.jpg
7 AÃ±os,https://fr.web.img5.acsta.net/r_1280_720/pictures/16/09/22/13/55/466381.jpg
True Memoirs of an International Assassin,https://www.dvdplanetstore.pk/wp-content/uploads/2017/01/True-Memoirs-of-an-International-Assassin-2016dvdplanetstorepk.jpg
Mercy,https://fr.web.img6.acsta.net/c_310_420/pictures/17/10/27/10/07/0220377.jpg
1922,https://fr.web.img5.acsta.net/f_png/c_310_420/o_logo-netflix-n.png_5_se/pictures/20/05/28/06/32/5034552.jpg
,
Spectral,https://media.senscritique.com/media/000016623122/source_big/Spectral.jpg
Barry,https://fr.web.img4.acsta.net/f_png/c_310_420/o_logo-netflix-n.png_5_se/pictures/17/05/15/17/48/163152.jpg
Coin Heist,https://www.netflix-news.com/wp-content/uploads/2018/12/AAAABWbjYLMdA6V53k3iLx3eXam0SOJ5uZohNoGx0BQt7Gx_L5aPsOYrm9LPD1L-cJIx5M797Bk6cge_HxZs27rA-01IAo7lm6NHclztoiX8S7-tFUFUlvLyi4gw-UiRxQvDomEo41_IgA-600x337.jpg
Clinical,https://fr.web.img3.acsta.net/f_png/c_310_420/o_logo-netflix-n.png_5_se/pictures/17/01/18/10/14/084440.jpg
Take the 10,https://fr.web.img6.acsta.net/c_310_420/pictures/17/01/16/15/09/221632.jpg
iBoy,https://freakingeek.com/wp-content/uploads/2017/01/iBoy.jpg
Imperial Dreams,https://3.bp.blogspot.com/-ueybu4YiGLk/W2cxeD4He-I/AAAAAAAAVYI/nVheisyhBRcsnIL3k9d6kSD9G7mKZf3dACLcBGAs/w1200-h630-p-k-no-nu/01.jpg.jpg
Girlfriend's Day,https://occ-0-586-590.1.nflxso.net/dnm/api/v6/0DW6CdE4gYtYx8iy3aj8gs9WtXE/AAAABaPHoqQu9Q1CGGh6Ri5Cum8YUeWnTvAglUoMVGRd9AB_YrsFn72-ScWmjWgB7Brx_0YJZJt8P8DuVSeUmdaUGkIj0QQzfTZb1YpL1xlHwN0iLi3BuxjXzez1WhO6aA.jpg?r=bc4
I Don't Feel at Home in This World Anymore,https://ds1.static.rtbf.be/article/image/1240x800/4/7/1/a2fada7518e26915e46e9a658b14f4b2-1503321234.jpg
Burning Sands,https://media.senscritique.com/media/000016860085/325/Burning_Sands.jpg
Deidra & Laney Rob a Train,https://media.senscritique.com/media/000016878380/source_big/Deidra_Laney_Rob_a_Train.jpg
The Most Hated Woman in America,https://fr.web.img4.acsta.net/pictures/17/03/27/09/19/367326.jpg
The Discovery,https://fr.web.img2.acsta.net/pictures/17/02/22/18/17/527496.jpg
Win It All,https://fr.web.img4.acsta.net/r_1280_720/pictures/17/04/07/17/07/301782.jpg
Sandy Wexler,https://fr.web.img5.acsta.net/pictures/17/03/09/11/13/355985.jpg
Sand Castle,
Tramps,https://fr.web.img3.acsta.net/pictures/17/10/24/16/57/3209212.jpg
Small Crimes,https://fr.web.img6.acsta.net/pictures/17/05/19/14/24/323690.jpg
Handsome,https://media.senscritique.com/media/000017581708/source_big/Handsome_A_Netflix_Mystery_Movie.jpg
Blame!,https://i.imgur.com/TYPCse8.jpg
War Machine,https://furyosa.com/wp-content/uploads/2017/03/War-Machine-affiche-furyosa.jpeg
Shimmer Lake,https://fr.web.img6.acsta.net/pictures/17/06/20/10/13/537441.jpg
Okja,https://fr.web.img4.acsta.net/pictures/17/05/13/10/06/039567.jpg
To the Bone,https://occ-0-1068-92.1.nflxso.net/dnm/api/v6/X194eJsgWBDE2aQbaNdmCXGUP-Y/AAAABRMy3SivxBjk4ZwFGHKDUJP4Jy1mQh6xqEgI7dmqrCTxAaJyhLgZU7WsHG3BSD6AlwiBOkors953WI261QuPhZobNG2zWVph8G7ZUZwgaPqJQre750tOeyi1uhvNkw.jpg?r=07c
The Incredible Jessica James,https://cdn1.cinenode.com/movie_poster/134/the_incredible_jessica_james-133946-264-432.jpg
Naked,https://fr.web.img3.acsta.net/pictures/17/07/10/10/02/387361.jpg
Death Note,https://adala-news.fr/wp-content/uploads/2018/08/Death-Note-Netflix-Aout-2017.jpg
Little Evil,https://fr.web.img6.acsta.net/f_png/c_310_420/o_logo-netflix-n.png_5_se/pictures/17/08/23/10/31/300502.jpg
Reality High,https://fr.web.img5.acsta.net/pictures/17/10/25/09/47/5555704.jpg
First They Killed My Father,https://movieguide.b-cdn.net/wp-content/uploads/2017/09/first-they-killed-my-father.jpg
Gerald's Game,https://i.pinimg.com/736x/11/e2/81/11e28102067e7a5dae81ac3053da53af.jpg
Our Souls at Night,https://media.cultura.com/media/catalog/product/cache/1/image/1000x1000/9df78eab33525d08d6e5fb8d27136e95/o/u/our-souls-at-night-tea-9781447299387_0.jpg?t=1570202905
Bomb Scared,https://upload.wikimedia.org/wikipedia/en/a/ab/Bomb_Scared.png
The Babysitter,https://fr.web.img4.acsta.net/pictures/17/10/06/13/01/0952336.jpg
The Meyerowitz Stories (New and Selected),https://fr.web.img3.acsta.net/pictures/17/09/21/09/18/0043176.jpg
The Killer,https://fr.web.img2.acsta.net/r_1280_720/pictures/20/02/28/06/47/4639828.jpg
A Christmas Prince,https://media.senscritique.com/media/000017649013/source_big/A_Christmas_Prince.jpg
El Camino Christmas,https://fr.web.img5.acsta.net/f_png/c_310_420/o_logo-netflix-n.png_5_se/pictures/17/11/23/10/52/4194740.jpg
Christmas Inheritance,https://fr.web.img3.acsta.net/pictures/17/12/14/17/26/3028071.jpg
Bright,https://fr.web.img4.acsta.net/pictures/17/11/09/02/17/0404218.jpg
The Polka King,https://www.ecranlarge.com/uploads/image/001/007/2gcjqqzglsuppnvkulf5sjmfn9p-750.jpg
Step Sisters,https://i.pinimg.com/474x/3c/d2/2f/3cd22f5b615d94dd5210c613fb1dc788.jpg
Open House,https://fr.web.img6.acsta.net/pictures/17/12/29/12/41/2418041.jpg
Blockbuster,https://imgsrc.cineserie.com/2017/05/520723.jpg?ver=1
A Futile and Stupid Gesture,https://external-preview.redd.it/p0UDii_SYQcaTyR_XeTudlkNa6jfjv4n9bYxN6vzZQc.jpg?auto=webp&s=d666c7c439a1dee7516ee71ab0c9ec0046822fc3
The Cloverfield Paradox,https://images-na.ssl-images-amazon.com/images/I/711CbygMQFL._AC_SL1473_.jpg
When We First Met,https://fr.web.img6.acsta.net/pictures/18/01/29/17/23/1705121.jpg
Love Per Square Foot,https://fr.web.img4.acsta.net/pictures/18/02/27/13/57/0585912.jpg
Irreplaceable You,https://i.pinimg.com/originals/01/45/f4/0145f45e7e306809c36a20d704b7d851.jpg
Mute,https://www.ecranlarge.com/media/cache/160x213/uploads/image/001/012/mute-affiche-1012070.jpg
The Outsider,https://images-na.ssl-images-amazon.com/images/I/51aqpdMK%2B6L._AC_.jpg
Benji,https://fr.web.img4.acsta.net/pictures/18/02/13/11/34/5140152.jpg
"Game Over, Man!",https://images-na.ssl-images-amazon.com/images/I/81uvH2O%2BNzL._AC_SY741_.jpg
Paradox,https://fr.web.img6.acsta.net/f_png/c_310_420/o_logo-netflix-n.png_5_se/pictures/18/03/13/17/17/5710446.jpg
Roxanne Roxanne,https://fr.web.img6.acsta.net/pictures/18/03/21/11/55/4798229.jpg
Happy Anniversary,https://fr.web.img4.acsta.net/f_png/c_310_420/o_logo-netflix-n.png_5_se/pictures/18/03/16/14/29/3338281.jpg
First Match,https://www.cinemaclock.com/images/posters/1000x1500/12/first-match-2018-us-poster.jpg
6 Balloons,https://fr.web.img2.acsta.net/pictures/18/03/15/11/23/3202785.jpg
Amateur,https://media.senscritique.com/media/000017693290/325/Amateur.jpg
Come Sunday,https://fr.web.img6.acsta.net/pictures/18/03/22/09/32/2758803.jpg
I Am Not an Easy Man,https://m.media-amazon.com/images/M/MV5BYzM3OGM1OGUtMzE0Yi00OGM2LWFlNjItMGIwNmE4ODhkY2E2XkEyXkFqcGdeQXVyMTMxODk2OTU@._V1_.jpg
Dude,https://i.pinimg.com/736x/ef/15/43/ef154377760b75120472718b4eae5569.jpg
Candy Jar,https://fr.web.img4.acsta.net/pictures/18/04/23/10/38/3735297.jpg
The Week Of,https://fr.web.img6.acsta.net/pictures/18/04/24/10/39/1347844.jpg
Sometimes,https://i.pinimg.com/originals/21/2b/73/212b73801c6df14070dc6ea534fd6303.jpg
Forgive Us Our Debts,https://fr.web.img2.acsta.net/c_310_420/pictures/18/05/18/12/39/3327364.jpg
The Kissing Booth,https://fr.web.img5.acsta.net/pictures/18/05/04/15/03/2133793.jpg
Cargo,https://media.begeek.fr/2018/06/Cargo-poster.jpg
Ibiza,https://fr.web.img6.acsta.net/pictures/18/04/26/18/19/5617579.jpg
Alex Strangelove,https://images-na.ssl-images-amazon.com/images/I/71CHrrHssbL._AC_SL1480_.jpg
Set It Up,https://static1.showtimes.com/poster/660x980/set-it-up-netflix-127410.jpg
Lust Stories,https://fr.web.img6.acsta.net/pictures/18/06/18/11/50/1816195.jpg
"To Each, Her Own",https://m.media-amazon.com/images/M/MV5BYjJhNDQ5NzAtZDlkZS00MGY4LWEwNWUtOTFmNDc2ZDIyYjNhXkEyXkFqcGdeQXVyODk0MTk4MjE@._V1_.jpg
Calibre,https://media.senscritique.com/media/000017871469/source_big/Calibre.jpg
Tau,https://fr.web.img2.acsta.net/pictures/18/06/20/10/05/5494076.jpg
The Legacy of a Whitetail Deer Hunter,https://m.media-amazon.com/images/M/MV5BMjM3MjY1MzMzOF5BMl5BanBnXkFtZTgwOTI5MDU4NTM@._V1_.jpg
How It Ends,https://fr.web.img6.acsta.net/f_png/c_310_420/o_logo-netflix-n.png_5_se/pictures/18/06/25/15/10/3530265.jpg
Father of the Year,https://surnetflix.fr/media/7/father-of-the-year_80185070.jpg
Extinction,https://fr.web.img6.acsta.net/pictures/18/07/11/17/39/5071594.jpg
Brij Mohan Amar Rahe,https://fr.web.img2.acsta.net/pictures/18/07/26/11/30/3459611.jpg